sample_id,sample_name,seed,offset_std,noise_std,m,k,spatial_tau,feature_tau,lambda_feat,nearest_mse,gaussian_mse,feature_mse,nearest_acc,true_in_knn_acc,true_in_feat_knn_acc,gaussian_w_max,feature_w_max,gaussian_ratio,feature_ratio,feature_vs_gaussian_ratio
0,airFoil2D_SST_36.622_11.319_3.941_5.424_1.0_16.283,0,0.002,0.0,512,512,0.001,0.01,10.0,1324.094970703125,1186.3726806640625,370.8939208984375,0.220703125,0.841796875,0.841796875,0.01611904427409172,0.6288153529167175,0.8959876042985582,0.2801112677752142,0.31262850784024515
0,airFoil2D_SST_36.622_11.319_3.941_5.424_1.0_16.283,0,0.002,0.001,512,512,0.001,0.01,10.0,1294.708251953125,1257.9415283203125,411.9136962890625,0.197265625,0.849609375,0.849609375,0.016092238947749138,0.641019880771637,0.9716023099587507,0.3181517501473188,0.3274505905207511
0,airFoil2D_SST_36.622_11.319_3.941_5.424_1.0_16.283,0,0.002,0.005,512,512,0.001,0.01,10.0,1294.71435546875,1257.94677734375,411.9179382324219,0.197265625,0.849609375,0.849609375,0.016092238947749138,0.6417440176010132,0.9716017838454504,0.3181535266775407,0.32745259628727524
0,airFoil2D_SST_36.622_11.319_3.941_5.424_1.0_16.283,0,0.002,0.01,512,512,0.001,0.01,10.0,1294.7216796875,1257.9530029296875,411.92352294921875,0.197265625,0.849609375,0.849609375,0.016092238947749138,0.6413917541503906,0.9716010959462058,0.31815604033806133,0.32745541525786476
0,airFoil2D_SST_36.622_11.319_3.941_5.424_1.0_16.283,0,0.002,0.05,512,512,0.001,0.01,10.0,1294.7843017578125,1258.0067138671875,411.96905517578125,0.197265625,0.849609375,0.849609375,0.016092238947749138,0.6380693316459656,0.9715955871254421,0.31817581864136585,0.32747762840578476
0,airFoil2D_SST_36.622_11.319_3.941_5.424_1.0_16.283,1,0.002,0.0,512,512,0.001,0.01,10.0,863.84912109375,853.257080078125,230.34848022460938,0.208984375,0.876953125,0.876953125,0.02262074686586857,0.6123338937759399,0.9877385520723642,0.2666536025792988,0.2699637490303842
0,airFoil2D_SST_36.622_11.319_3.941_5.424_1.0_16.283,1,0.002,0.001,512,512,0.001,0.01,10.0,1281.5712890625,1191.139892578125,344.4461364746094,0.193359375,0.876953125,0.876953125,0.022629402577877045,0.6242970824241638,0.9294370923754638,0.26876861194868057,0.2891735375675177
0,airFoil2D_SST_36.622_11.319_3.941_5.424_1.0_16.283,1,0.002,0.005,512,512,0.001,0.01,10.0,1281.583251953125,1191.1497802734375,344.452392578125,0.193359375,0.876953125,0.876953125,0.022629402577877045,0.624799907207489,0.9294361317987985,0.2687709846810043,0.2891763893026562
0,airFoil2D_SST_36.622_11.319_3.941_5.424_1.0_16.283,1,0.002,0.01,512,512,0.001,0.01,10.0,1281.5982666015625,1191.162353515625,344.46014404296875,0.193359375,0.876953125,0.876953125,0.022629402577877045,0.6248539090156555,0.9294350535244184,0.26877388415667886,0.2891798443984742
0,airFoil2D_SST_36.622_11.319_3.941_5.424_1.0_16.283,1,0.002,0.05,512,512,0.001,0.01,10.0,1281.720458984375,1191.2637939453125,344.5242004394531,0.193359375,0.876953125,0.876953125,0.022629402577877045,0.6209832429885864,0.9294255901082054,0.2687982375754939,0.289208991484945
0,airFoil2D_SST_36.622_11.319_3.941_5.424_1.0_16.283,2,0.002,0.0,512,512,0.001,0.01,10.0,1287.5618896484375,1185.693359375,456.215576171875,0.24609375,0.89453125,0.89453125,0.02840398997068405,0.6225051879882812,0.9208826145815389,0.3543251628055273,0.3847669151258082
0,airFoil2D_SST_36.622_11.319_3.941_5.424_1.0_16.283,2,0.002,0.001,512,512,0.001,0.01,10.0,1388.8955078125,1304.4423828125,390.5491943359375,0.25390625,0.8671875,0.8671875,0.028443647548556328,0.6125491261482239,0.9391940397784042,0.2811940798563382,0.29939934448762456
0,airFoil2D_SST_36.622_11.319_3.941_5.424_1.0_16.283,2,0.002,0.005,512,512,0.001,0.01,10.0,1388.89599609375,1304.443359375,390.5488586425781,0.25390625,0.8671875,0.8671875,0.028443647548556328,0.6128416061401367,0.9391944127160912,0.28119373930156843,0.29939886299831553
0,airFoil2D_SST_36.622_11.319_3.941_5.424_1.0_16.283,2,0.002,0.01,512,512,0.001,0.01,10.0,1388.896484375,1304.44482421875,390.5487060546875,0.25390625,0.8671875,0.8671875,0.028443647548556328,0.6121235489845276,0.9391951372140933,0.2811935305822546,0.2993984098090101
0,airFoil2D_SST_36.622_11.319_3.941_5.424_1.0_16.283,2,0.002,0.05,512,512,0.001,0.01,10.0,1388.903076171875,1304.45849609375,390.548828125,0.25390625,0.8671875,0.8671875,0.028443647548556328,0.605000913143158,0.9392005234009035,0.2811922839147561,0.2993953654290368
1,airFoil2D_SST_58.831_-3.563_2.815_4.916_10.078,0,0.002,0.0,512,512,0.001,0.01,10.0,9069.203125,8819.859375,4345.4189453125,0.2109375,0.873046875,0.873046875,0.02069806307554245,0.5886625051498413,0.972506542574544,0.47914010585274,0.4926857402771799
1,airFoil2D_SST_58.831_-3.563_2.815_4.916_10.078,0,0.002,0.001,512,512,0.001,0.01,10.0,10201.8603515625,9505.689453125,3921.732421875,0.2265625,0.86328125,0.86328125,0.020677924156188965,0.5915665030479431,0.9317603971778662,0.384413458597711,0.41256685706113916
1,airFoil2D_SST_58.831_-3.563_2.815_4.916_10.078,0,0.002,0.005,512,512,0.001,0.01,10.0,10201.84765625,9505.6767578125,3921.7255859375,0.2265625,0.86328125,0.86328125,0.020677924156188965,0.5916364192962646,0.9317603122596129,0.3844132668982679,0.4125666889224192
1,airFoil2D_SST_58.831_-3.563_2.815_4.916_10.078,0,0.002,0.01,512,512,0.001,0.01,10.0,10201.828125,9505.662109375,3921.717041015625,0.2265625,0.86328125,0.86328125,0.020677924156188965,0.5916226506233215,0.9317606602370593,0.38441316526449765,0.41256642576720826
1,airFoil2D_SST_58.831_-3.563_2.815_4.916_10.078,0,0.002,0.05,512,512,0.001,0.01,10.0,10201.685546875,9505.548828125,3921.64990234375,0.2265625,0.86328125,0.86328125,0.020677924156188965,0.5893703699111938,0.9317625782963638,0.38441195666387085,0.4125642793754717
1,airFoil2D_SST_58.831_-3.563_2.815_4.916_10.078,1,0.002,0.0,512,512,0.001,0.01,10.0,8414.2255859375,8270.041015625,3385.962646484375,0.236328125,0.869140625,0.869140625,0.025330763310194016,0.6000047326087952,0.9828641900743103,0.40240930218738796,0.4094251334530394
1,airFoil2D_SST_58.831_-3.563_2.815_4.916_10.078,1,0.002,0.001,512,512,0.001,0.01,10.0,10217.8212890625,10173.4150390625,4424.34765625,0.232421875,0.853515625,0.853515625,0.02521468512713909,0.6051819324493408,0.9956540392766965,0.4330030376422781,0.4348930658251914
1,airFoil2D_SST_58.831_-3.563_2.815_4.916_10.078,1,0.002,0.005,512,512,0.001,0.01,10.0,10217.83203125,10173.427734375,4424.353515625,0.232421875,0.853515625,0.853515625,0.02521468512713909,0.6051697731018066,0.9956542349943516,0.43300315586453675,0.43489309907569795
1,airFoil2D_SST_58.831_-3.563_2.815_4.916_10.078,1,0.002,0.01,512,512,0.001,0.01,10.0,10217.8466796875,10173.4453125,4424.36328125,0.232421875,0.853515625,0.853515625,0.02521468512713909,0.6050516366958618,0.9956545279470901,0.4330034908475759,0.4348933075615823
1,airFoil2D_SST_58.831_-3.563_2.815_4.916_10.078,1,0.002,0.05,512,512,0.001,0.01,10.0,10217.96484375,10173.5810546875,4424.43310546875,0.232421875,0.853515625,0.853515625,0.02521468512713909,0.6005809307098389,0.9956562985152911,0.43300531692228644,0.4348943682352816
1,airFoil2D_SST_58.831_-3.563_2.815_4.916_10.078,2,0.002,0.0,512,512,0.001,0.01,10.0,8515.404296875,8214.12890625,3682.256591796875,0.234375,0.87890625,0.87890625,0.02430954948067665,0.5952402353286743,0.9646199545997408,0.43242299054998445,0.4482832731046021
1,airFoil2D_SST_58.831_-3.563_2.815_4.916_10.078,2,0.002,0.001,512,512,0.001,0.01,10.0,9369.6484375,9330.4609375,4518.3740234375,0.24609375,0.884765625,0.884765625,0.024332158267498016,0.6021965146064758,0.9958176125538328,0.4822351717438705,0.48426053693421833
1,airFoil2D_SST_58.831_-3.563_2.815_4.916_10.078,2,0.002,0.005,512,512,0.001,0.01,10.0,9369.6640625,9330.478515625,4518.3935546875,0.24609375,0.884765625,0.884765625,0.024332158267498016,0.6021724343299866,0.9958178279804255,0.4822364520806426,0.48426171788734207
1,airFoil2D_SST_58.831_-3.563_2.815_4.916_10.078,2,0.002,0.01,512,512,0.001,0.01,10.0,9369.681640625,9330.498046875,4518.41845703125,0.24609375,0.884765625,0.884765625,0.024332158267498016,0.6020336151123047,0.9958180442780352,0.4822382051317862,0.4842633731159263
1,airFoil2D_SST_58.831_-3.563_2.815_4.916_10.078,2,0.002,0.05,512,512,0.001,0.01,10.0,9369.837890625,9330.65625,4518.6201171875,0.24609375,0.884765625,0.884765625,0.024332158267498016,0.5994253158569336,0.9958183224638066,0.4822516856677541,0.4842767749789839
2,airFoil2D_SST_43.327_8.905_4.236_6.511_10.744,0,0.002,0.0,512,512,0.001,0.01,10.0,17891.22265625,16615.728515625,5245.9072265625,0.23828125,0.857421875,0.857421875,0.023727765306830406,0.6258371472358704,0.9287083859425657,0.29321122023652924,0.31571936323041055
2,airFoil2D_SST_43.327_8.905_4.236_6.511_10.744,0,0.002,0.001,512,512,0.001,0.01,10.0,23705.791015625,21359.44921875,8538.630859375,0.2265625,0.861328125,0.861328125,0.023776346817612648,0.6111104488372803,0.9010224212586505,0.3601917714429779,0.39975894377835924
2,airFoil2D_SST_43.327_8.905_4.236_6.511_10.744,0,0.002,0.005,512,512,0.001,0.01,10.0,23705.78125,21359.4375,8538.626953125,0.2265625,0.861328125,0.861328125,0.023776346817612648,0.6112885475158691,0.9010222980944785,0.3601917550439305,0.39975898022244266
2,airFoil2D_SST_43.327_8.905_4.236_6.511_10.744,0,0.002,0.01,512,512,0.001,0.01,10.0,23705.76953125,21359.42578125,8538.6240234375,0.2265625,0.861328125,0.861328125,0.023776346817612648,0.6113068461418152,0.9010222491656749,0.3601918095163081,0.39975906238701336
2,airFoil2D_SST_43.327_8.905_4.236_6.511_10.744,0,0.002,0.05,512,512,0.001,0.01,10.0,23705.68359375,21359.32421875,8538.60546875,0.2265625,0.861328125,0.861328125,0.023776346817612648,0.6088546514511108,0.9010212312283364,0.3601923325679249,0.3997600945283886
2,airFoil2D_SST_43.327_8.905_4.236_6.511_10.744,1,0.002,0.0,512,512,0.001,0.01,10.0,14134.04296875,13464.462890625,5354.6611328125,0.248046875,0.900390625,0.900390625,0.02127019874751568,0.6199901700019836,0.9526264297055397,0.3788485109781763,0.39768843186019914
2,airFoil2D_SST_43.327_8.905_4.236_6.511_10.744,1,0.002,0.001,512,512,0.001,0.01,10.0,10858.740234375,10163.1103515625,4148.9091796875,0.22265625,0.90234375,0.90234375,0.02124948427081108,0.6140820384025574,0.9359382517863004,0.38208015756316693,0.4082322277500054
2,airFoil2D_SST_43.327_8.905_4.236_6.511_10.744,1,0.002,0.005,512,512,0.001,0.01,10.0,10858.7392578125,10163.107421875,4148.9091796875,0.22265625,0.90234375,0.90234375,0.02124948427081108,0.6138755679130554,0.9359380661583695,0.38208019192490494,0.4082323454298453
2,airFoil2D_SST_43.327_8.905_4.236_6.511_10.744,1,0.002,0.01,512,512,0.001,0.01,10.0,10858.73828125,10163.1044921875,4148.90966796875,0.22265625,0.90234375,0.90234375,0.02124948427081108,0.613689661026001,0.9359378805304052,0.3820802712533145,0.4082325111542508
2,airFoil2D_SST_43.327_8.905_4.236_6.511_10.744,1,0.002,0.05,512,512,0.001,0.01,10.0,10858.7294921875,10163.0771484375,4148.91064453125,0.22265625,0.90234375,0.90234375,0.02124948427081108,0.6109249591827393,0.9359361199438204,0.3820806704427305,0.40823370559271166
2,airFoil2D_SST_43.327_8.905_4.236_6.511_10.744,2,0.002,0.0,512,512,0.001,0.01,10.0,15999.048828125,14648.060546875,4438.5869140625,0.27734375,0.86328125,0.86328125,0.031190156936645508,0.6468876600265503,0.9155582125060413,0.2774281747462282,0.3030153309278492
2,airFoil2D_SST_43.327_8.905_4.236_6.511_10.744,2,0.002,0.001,512,512,0.001,0.01,10.0,21263.8828125,20292.009765625,8932.3984375,0.263671875,0.849609375,0.849609375,0.03127070888876915,0.6578441858291626,0.9542946574976569,0.4200737238943528,0.44019289073237244
2,airFoil2D_SST_43.327_8.905_4.236_6.511_10.744,2,0.002,0.005,512,512,0.001,0.01,10.0,21263.90625,20292.033203125,8932.4140625,0.263671875,0.849609375,0.849609375,0.03127070888876915,0.6579189300537109,0.9542947078749936,0.4200739956939944,0.4401931523118342
2,airFoil2D_SST_43.327_8.905_4.236_6.511_10.744,2,0.002,0.01,512,512,0.001,0.01,10.0,21263.9375,20292.0625,8932.4267578125,0.263671875,0.849609375,0.849609375,0.03127070888876915,0.6575627326965332,0.9542946831930822,0.4200739753779139,0.44019314240789964
2,airFoil2D_SST_43.327_8.905_4.236_6.511_10.744,2,0.002,0.05,512,512,0.001,0.01,10.0,21264.173828125,20292.298828125,8932.5712890625,0.263671875,0.849609375,0.849609375,0.03127070888876915,0.6540799140930176,0.954295191157883,0.42007610365035014,0.4401951382995608
3,airFoil2D_SST_89.151_4.462_0.974_4.094_1.0_19.856,0,0.002,0.0,512,512,0.001,0.01,10.0,3644.954833984375,4090.44921875,896.3218383789062,0.203125,0.91796875,0.91796875,0.0225222110748291,0.5798147916793823,1.122222196174279,0.2459075295040401,0.21912552642636476
3,airFoil2D_SST_89.151_4.462_0.974_4.094_1.0_19.856,0,0.002,0.001,512,512,0.001,0.01,10.0,3832.20166015625,4025.109130859375,786.5069580078125,0.19921875,0.892578125,0.892578125,0.022510670125484467,0.57848060131073,1.0503385489100956,0.20523631785487623,0.19540015747098277
3,airFoil2D_SST_89.151_4.462_0.974_4.094_1.0_19.856,0,0.002,0.005,512,512,0.001,0.01,10.0,3832.2158203125,4025.1181640625,786.5068969726562,0.19921875,0.892578125,0.892578125,0.022510670125484467,0.5784155130386353,1.0503370250515456,0.20523554357346194,0.19539970378878144
3,airFoil2D_SST_89.151_4.462_0.974_4.094_1.0_19.856,0,0.002,0.01,512,512,0.001,0.01,10.0,3832.2333984375,4025.128662109375,786.50634765625,0.19921875,0.892578125,0.892578125,0.022510670125484467,0.5783177614212036,1.0503349466529162,0.20523445883461294,0.1953990576897684
3,airFoil2D_SST_89.151_4.462_0.974_4.094_1.0_19.856,0,0.002,0.05,512,512,0.001,0.01,10.0,3832.376220703125,4025.216552734375,786.5040893554688,0.19921875,0.892578125,0.892578125,0.022510670125484467,0.5774591565132141,1.0503187372339633,0.20522622103400096,0.19539423011196444
3,airFoil2D_SST_89.151_4.462_0.974_4.094_1.0_19.856,1,0.002,0.0,512,512,0.001,0.01,10.0,5630.73828125,6224.06103515625,2244.918212890625,0.1875,0.884765625,0.884765625,0.019999545067548752,0.5842031836509705,1.1053721065107887,0.39868985215776404,0.3606838365193294
3,airFoil2D_SST_89.151_4.462_0.974_4.094_1.0_19.856,1,0.002,0.001,512,512,0.001,0.01,10.0,4618.716796875,4746.2490234375,1794.098388671875,0.205078125,0.884765625,0.884765625,0.019997037947177887,0.5954166650772095,1.0276120472787567,0.38844087385607895,0.37800342540233767
3,airFoil2D_SST_89.151_4.462_0.974_4.094_1.0_19.856,1,0.002,0.005,512,512,0.001,0.01,10.0,4618.7236328125,4746.25830078125,1794.0977783203125,0.205078125,0.884765625,0.884765625,0.019997037947177887,0.5954413414001465,1.027612535000517,0.3884401667972986,0.37800255793600573
3,airFoil2D_SST_89.151_4.462_0.974_4.094_1.0_19.856,1,0.002,0.01,512,512,0.001,0.01,10.0,4618.73046875,4746.26953125,1794.09521484375,0.205078125,0.884765625,0.884765625,0.019997037947177887,0.5954644680023193,1.0276134455913633,0.38843903687008147,0.37800112341518216
3,airFoil2D_SST_89.151_4.462_0.974_4.094_1.0_19.856,1,0.002,0.05,512,512,0.001,0.01,10.0,4618.79541015625,4746.365234375,1794.0850830078125,0.205078125,0.884765625,0.884765625,0.019997037947177887,0.5950487852096558,1.0276197174566852,0.3884313817110856,0.37799136695472974
3,airFoil2D_SST_89.151_4.462_0.974_4.094_1.0_19.856,2,0.002,0.0,512,512,0.001,0.01,10.0,6475.61328125,6556.8671875,2333.51220703125,0.193359375,0.8828125,0.8828125,0.02204410918056965,0.5885916352272034,1.0125476773737043,0.36035385463611375,0.355888283276479
3,airFoil2D_SST_89.151_4.462_0.974_4.094_1.0_19.856,2,0.002,0.001,512,512,0.001,0.01,10.0,5996.8466796875,6069.74658203125,1697.3924560546875,0.181640625,0.85546875,0.85546875,0.022032758221030235,0.5776682496070862,1.0121563725467047,0.28304749924724437,0.2796479940496383
3,airFoil2D_SST_89.151_4.462_0.974_4.094_1.0_19.856,2,0.002,0.005,512,512,0.001,0.01,10.0,5996.8671875,6069.7666015625,1697.404541015625,0.181640625,0.85546875,0.85546875,0.022032758221030235,0.5776517391204834,1.012156249552175,0.2830485465067047,0.27964906271332957
3,airFoil2D_SST_89.151_4.462_0.974_4.094_1.0_19.856,2,0.002,0.01,512,512,0.001,0.01,10.0,5996.8935546875,6069.791015625,1697.419921875,0.181640625,0.85546875,0.85546875,0.022032758221030235,0.5776189565658569,1.0121558704140279,0.2830498668011547,0.2796504719034743
3,airFoil2D_SST_89.151_4.462_0.974_4.094_1.0_19.856,2,0.002,0.05,512,512,0.001,0.01,10.0,5997.1025390625,6069.99072265625,1697.5452880859375,0.181640625,0.85546875,0.85546875,0.022032758221030235,0.5767090320587158,1.0121538998406294,0.28306090766813985,0.27966192464674566
4,airFoil2D_SST_87.422_2.992_1.895_3.128_1.0_10.656,0,0.002,0.0,512,512,0.001,0.01,10.0,8430.642578125,8329.09765625,3470.037109375,0.220703125,0.888671875,0.888671875,0.01874329149723053,0.6109877228736877,0.9879552571545995,0.4115981762029279,0.41661621133366694
4,airFoil2D_SST_87.422_2.992_1.895_3.128_1.0_10.656,0,0.002,0.001,512,512,0.001,0.01,10.0,11697.99609375,11674.56640625,5832.23583984375,0.208984375,0.876953125,0.876953125,0.018696391955018044,0.6072362661361694,0.997997119565417,0.4985670873116289,0.49956766160681154
4,airFoil2D_SST_87.422_2.992_1.895_3.128_1.0_10.656,0,0.002,0.005,512,512,0.001,0.01,10.0,11697.9931640625,11674.5625,5832.2373046875,0.208984375,0.876953125,0.876953125,0.018696391955018044,0.6071932911872864,0.997997035582609,0.49856733739636333,0.49956795423276035
4,airFoil2D_SST_87.422_2.992_1.895_3.128_1.0_10.656,0,0.002,0.01,512,512,0.001,0.01,10.0,11697.98828125,11674.55859375,5832.240234375,0.208984375,0.876953125,0.876953125,0.018696391955018044,0.6071152687072754,0.9979971182277936,0.4985677959451495,0.4995683723320642
4,airFoil2D_SST_87.422_2.992_1.895_3.128_1.0_10.656,0,0.002,0.05,512,512,0.001,0.01,10.0,11697.9580078125,11674.525390625,5832.263671875,0.208984375,0.876953125,0.876953125,0.018696391955018044,0.6063603758811951,0.997996862600135,0.49857108975599956,0.4995718007139276
4,airFoil2D_SST_87.422_2.992_1.895_3.128_1.0_10.656,1,0.002,0.0,512,512,0.001,0.01,10.0,9664.248046875,9543.462890625,3686.244384765625,0.216796875,0.884765625,0.884765625,0.018833493813872337,0.589380145072937,0.9875018567751832,0.3814310608426071,0.3862585758453359
4,airFoil2D_SST_87.422_2.992_1.895_3.128_1.0_10.656,1,0.002,0.001,512,512,0.001,0.01,10.0,11144.166015625,11455.1015625,4396.0537109375,0.1953125,0.875,0.875,0.018839092925190926,0.5821413993835449,1.0279011947990584,0.3944713049656552,0.3837638354363128
4,airFoil2D_SST_87.422_2.992_1.895_3.128_1.0_10.656,1,0.002,0.005,512,512,0.001,0.01,10.0,11144.1484375,11455.087890625,4396.04248046875,0.1953125,0.875,0.875,0.018839092925190926,0.5821345448493958,1.027901589329041,0.39447091943571844,0.3837633130747544
4,airFoil2D_SST_87.422_2.992_1.895_3.128_1.0_10.656,1,0.002,0.01,512,512,0.001,0.01,10.0,11144.125,11455.0703125,4396.0302734375,0.1953125,0.875,0.875,0.018839092925190926,0.582105278968811,1.0279021737911231,0.3944706536796294,0.3837628363258901
4,airFoil2D_SST_87.422_2.992_1.895_3.128_1.0_10.656,1,0.002,0.05,512,512,0.001,0.01,10.0,11143.951171875,11454.9228515625,4395.9228515625,0.1953125,0.875,0.875,0.018839092925190926,0.5813812613487244,1.0279049750749383,0.3944671673236409,0.3837583987711342
4,airFoil2D_SST_87.422_2.992_1.895_3.128_1.0_10.656,2,0.002,0.0,512,512,0.001,0.01,10.0,10816.42578125,10453.666015625,4936.8046875,0.2265625,0.896484375,0.896484375,0.018961837515234947,0.6206309795379639,0.9664621407328625,0.4564173773611821,0.47225582681912764
4,airFoil2D_SST_87.422_2.992_1.895_3.128_1.0_10.656,2,0.002,0.001,512,512,0.001,0.01,10.0,6045.4580078125,5954.63720703125,2339.730224609375,0.193359375,0.875,0.875,0.019012831151485443,0.6125051975250244,0.9849770190010612,0.3870228230161816,0.39292573892606186
4,airFoil2D_SST_87.422_2.992_1.895_3.128_1.0_10.656,2,0.002,0.005,512,512,0.001,0.01,10.0,6045.46240234375,5954.6474609375,2339.735595703125,0.193359375,0.875,0.875,0.019012831151485443,0.6125034093856812,0.9849779991401415,0.3870234301343167,0.3929259643080124
4,airFoil2D_SST_87.422_2.992_1.895_3.128_1.0_10.656,2,0.002,0.01,512,512,0.001,0.01,10.0,6045.46875,5954.66162109375,2339.74267578125,0.193359375,0.875,0.875,0.019012831151485443,0.6124732494354248,0.9849793072032256,0.38702419490320744,0.3929262189295463
4,airFoil2D_SST_87.422_2.992_1.895_3.128_1.0_10.656,2,0.002,0.05,512,512,0.001,0.01,10.0,6045.5205078125,5954.76904296875,2339.79833984375,0.193359375,0.875,0.875,0.019012831151485443,0.6115753650665283,0.9849886432894448,0.38703008894272667,0.3929284784951531
