sample_id,sample_name,seed,offset_std,m,noise_std,k,spatial_tau,feature_tau,lambda_feat,nearest_mse,gaussian_mse,feature_mse,nearest_acc,true_in_knn_acc,true_in_feat_knn_acc,gaussian_w_max,feature_w_max,gaussian_ratio,feature_ratio,feature_vs_gaussian_ratio
0,airFoil2D_SST_36.622_11.319_3.941_5.424_1.0_16.283,0,0.0,512,0.0,512,0.001,0.01,10.0,1.889504075050354,103.58499145507812,0.0003047390200663358,0.736328125,1.0,1.0,0.01617606356739998,0.7020964026451111,54.82125856347658,0.00016127989565633232,2.9419225293704105e-06
0,airFoil2D_SST_36.622_11.319_3.941_5.424_1.0_16.283,0,0.001,512,0.0,512,0.001,0.01,10.0,399.2098388671875,402.5146484375,70.7221908569336,0.30859375,0.90625,0.90625,0.016157448291778564,0.6491052508354187,1.0082783770552608,0.1771554304814167,0.1757009120822466
0,airFoil2D_SST_36.622_11.319_3.941_5.424_1.0_16.283,0,0.002,512,0.0,512,0.001,0.01,10.0,1324.094970703125,1186.3726806640625,370.8939208984375,0.220703125,0.841796875,0.841796875,0.01611904427409172,0.6288153529167175,0.8959876042985582,0.2801112677752142,0.31262850784024515
0,airFoil2D_SST_36.622_11.319_3.941_5.424_1.0_16.283,0,0.005,512,0.0,512,0.001,0.01,10.0,6568.974609375,6079.79296875,3005.7939453125,0.09375,0.724609375,0.724609375,0.016016284003853798,0.5959765911102295,0.925531506861534,0.45757429797684723,0.4943908387608285
0,airFoil2D_SST_36.622_11.319_3.941_5.424_1.0_16.283,0,0.01,512,0.0,512,0.001,0.01,10.0,20902.46875,20053.982421875,12591.203125,0.05078125,0.599609375,0.599609375,0.01575649157166481,0.5746557116508484,0.9594073629161627,0.6023787560978892,0.6278654713123436
0,airFoil2D_SST_36.622_11.319_3.941_5.424_1.0_16.283,1,0.0,512,0.0,512,0.001,0.01,10.0,1.4169872999191284,94.37184143066406,0.0002845478302333504,0.7578125,1.0,1.0,0.02274387702345848,0.6801837086677551,66.6003438676198,0.00020081184231474084,3.0151772596533527e-06
0,airFoil2D_SST_36.622_11.319_3.941_5.424_1.0_16.283,1,0.001,512,0.0,512,0.001,0.01,10.0,239.86300659179688,296.8413391113281,24.333009719848633,0.302734375,0.927734375,0.927734375,0.02270391769707203,0.6258129477500916,1.2375453110887498,0.10144544615526721,0.08197311665786118
0,airFoil2D_SST_36.622_11.319_3.941_5.424_1.0_16.283,1,0.002,512,0.0,512,0.001,0.01,10.0,863.84912109375,853.257080078125,230.34848022460938,0.208984375,0.876953125,0.876953125,0.02262074686586857,0.6123338937759399,0.9877385520723642,0.2666536025792988,0.2699637490303842
0,airFoil2D_SST_36.622_11.319_3.941_5.424_1.0_16.283,1,0.005,512,0.0,512,0.001,0.01,10.0,4345.8349609375,4070.1005859375,1896.3792724609375,0.0859375,0.7578125,0.7578125,0.02227409929037094,0.5878857374191284,0.9365520371853887,0.43636707088661353,0.46592933821170635
0,airFoil2D_SST_36.622_11.319_3.941_5.424_1.0_16.283,1,0.01,512,0.0,512,0.001,0.01,10.0,15483.08984375,14798.134765625,9852.923828125,0.037109375,0.626953125,0.626953125,0.021395985037088394,0.5694030523300171,0.9557610861244539,0.6363667670702235,0.6658220096097943
0,airFoil2D_SST_36.622_11.319_3.941_5.424_1.0_16.283,2,0.0,512,0.0,512,0.001,0.01,10.0,1.6767557859420776,87.67411804199219,0.0006702981772832572,0.751953125,1.0,1.0,0.028566276654601097,0.6867812871932983,52.287947223472905,0.0003997589767711183,7.645336984880906e-06
0,airFoil2D_SST_36.622_11.319_3.941_5.424_1.0_16.283,2,0.001,512,0.0,512,0.001,0.01,10.0,379.6304931640625,379.17437744140625,72.2784423828125,0.34375,0.927734375,0.927734375,0.028516896069049835,0.6394654512405396,0.9987985271708426,0.19039156149023145,0.19062058694612527
0,airFoil2D_SST_36.622_11.319_3.941_5.424_1.0_16.283,2,0.002,512,0.0,512,0.001,0.01,10.0,1287.5618896484375,1185.693359375,456.215576171875,0.24609375,0.89453125,0.89453125,0.02840398997068405,0.6225051879882812,0.9208826145815389,0.3543251628055273,0.3847669151258082
0,airFoil2D_SST_36.622_11.319_3.941_5.424_1.0_16.283,2,0.005,512,0.0,512,0.001,0.01,10.0,5438.4560546875,5042.44970703125,2548.03759765625,0.115234375,0.765625,0.765625,0.02790570631623268,0.5910775661468506,0.9271840493562644,0.46852223720003255,0.5053174043765348
0,airFoil2D_SST_36.622_11.319_3.941_5.424_1.0_16.283,2,0.01,512,0.0,512,0.001,0.01,10.0,14881.21875,14294.6357421875,8931.61328125,0.052734375,0.66015625,0.66015625,0.026707258075475693,0.5747930407524109,0.9605823274513386,0.6001936690333243,0.624822726674335
1,airFoil2D_SST_58.831_-3.563_2.815_4.916_10.078,0,0.0,512,0.0,512,0.001,0.01,10.0,6.888409614562988,245.52383422851562,0.0011670002713799477,0.755859375,1.0,1.0,0.02078315056860447,0.6568616032600403,35.64303634171907,0.0001694150517577756,4.753103807811136e-06
1,airFoil2D_SST_58.831_-3.563_2.815_4.916_10.078,0,0.001,512,0.0,512,0.001,0.01,10.0,2778.41650390625,2714.572265625,714.5169677734375,0.31640625,0.919921875,0.919921875,0.020755430683493614,0.6120209693908691,0.9770213579600144,0.25716697506255054,0.263215305343484
1,airFoil2D_SST_58.831_-3.563_2.815_4.916_10.078,0,0.002,512,0.0,512,0.001,0.01,10.0,9069.203125,8819.859375,4345.4189453125,0.2109375,0.873046875,0.873046875,0.02069806307554245,0.5886625051498413,0.972506542574544,0.47914010585274,0.4926857402771799
1,airFoil2D_SST_58.831_-3.563_2.815_4.916_10.078,0,0.005,512,0.0,512,0.001,0.01,10.0,44196.359375,43509.796875,32227.755859375,0.099609375,0.74609375,0.74609375,0.020429138094186783,0.5576462149620056,0.9844656322441717,0.7291948095979343,0.7407011334013496
1,airFoil2D_SST_58.831_-3.563_2.815_4.916_10.078,0,0.01,512,0.0,512,0.001,0.01,10.0,78452.171875,78429.046875,60339.75,0.056640625,0.619140625,0.619140625,0.020015807822346687,0.5418632626533508,0.9997052344192988,0.7691278464048259,0.769354625667826
1,airFoil2D_SST_58.831_-3.563_2.815_4.916_10.078,1,0.0,512,0.0,512,0.001,0.01,10.0,5.517627716064453,188.10089111328125,0.0004920529900118709,0.791015625,1.0,1.0,0.025379570201039314,0.6696679592132568,34.090899348941136,8.9178359855499e-05,2.6158993032921814e-06
1,airFoil2D_SST_58.831_-3.563_2.815_4.916_10.078,1,0.001,512,0.0,512,0.001,0.01,10.0,2314.92236328125,2322.580078125,481.9677734375,0.345703125,0.931640625,0.931640625,0.025370322167873383,0.6203374862670898,1.003307979120689,0.20820040493899866,0.20751395311484316
1,airFoil2D_SST_58.831_-3.563_2.815_4.916_10.078,1,0.002,512,0.0,512,0.001,0.01,10.0,8414.2255859375,8270.041015625,3385.962646484375,0.236328125,0.869140625,0.869140625,0.025330763310194016,0.6000047326087952,0.9828641900743103,0.40240930218738796,0.4094251334530394
1,airFoil2D_SST_58.831_-3.563_2.815_4.916_10.078,1,0.005,512,0.0,512,0.001,0.01,10.0,37141.6484375,35789.9140625,23352.60546875,0.111328125,0.775390625,0.775390625,0.025192957371473312,0.5794869661331177,0.9636059671052396,0.6287444540337656,0.6524912417495414
1,airFoil2D_SST_58.831_-3.563_2.815_4.916_10.078,1,0.01,512,0.0,512,0.001,0.01,10.0,82299.4296875,83235.8125,61955.09765625,0.05859375,0.642578125,0.642578125,0.024912076070904732,0.5500228404998779,1.011377755788291,0.752801056963582,0.7443322266632527
1,airFoil2D_SST_58.831_-3.563_2.815_4.916_10.078,2,0.0,512,0.0,512,0.001,0.01,10.0,6.025856018066406,191.67510986328125,0.000640597369056195,0.751953125,1.0,1.0,0.024428270757198334,0.6570137143135071,31.80877692540462,0.00010630811077058422,3.3420999185190123e-06
1,airFoil2D_SST_58.831_-3.563_2.815_4.916_10.078,2,0.001,512,0.0,512,0.001,0.01,10.0,2610.83935546875,2663.74462890625,787.9959106445312,0.33984375,0.91796875,0.91796875,0.02438974380493164,0.6154705882072449,1.020263703060352,0.30181708001067514,0.29582261831461193
1,airFoil2D_SST_58.831_-3.563_2.815_4.916_10.078,2,0.002,512,0.0,512,0.001,0.01,10.0,8515.404296875,8214.12890625,3682.256591796875,0.234375,0.87890625,0.87890625,0.02430954948067665,0.5952402353286743,0.9646199545997408,0.43242299054998445,0.4482832731046021
1,airFoil2D_SST_58.831_-3.563_2.815_4.916_10.078,2,0.005,512,0.0,512,0.001,0.01,10.0,36454.08203125,36091.2421875,23971.11328125,0.123046875,0.77734375,0.77734375,0.023981571197509766,0.5603036880493164,0.9900466607981252,0.6575700702242601,0.6641808878928601
1,airFoil2D_SST_58.831_-3.563_2.815_4.916_10.078,2,0.01,512,0.0,512,0.001,0.01,10.0,85001.671875,85563.21875,64924.8203125,0.072265625,0.671875,0.671875,0.023445285856723785,0.5281667113304138,1.006606303883361,0.7638063920433918,0.7587935711277809
2,airFoil2D_SST_43.327_8.905_4.236_6.511_10.744,0,0.0,512,0.0,512,0.001,0.01,10.0,1.7764633893966675,627.755859375,0.0019699125550687313,0.759765625,1.0,1.0,0.023845145478844643,0.6762993335723877,353.37393560820976,0.0011088956669902238,3.1380233663290627e-06
2,airFoil2D_SST_43.327_8.905_4.236_6.511_10.744,0,0.001,512,0.0,512,0.001,0.01,10.0,5946.5498046875,5255.66455078125,944.147216796875,0.3203125,0.92578125,0.92578125,0.023807942867279053,0.6285345554351807,0.8838174611164201,0.158772270948211,0.17964373632950534
2,airFoil2D_SST_43.327_8.905_4.236_6.511_10.744,0,0.002,512,0.0,512,0.001,0.01,10.0,17891.22265625,16615.728515625,5245.9072265625,0.23828125,0.857421875,0.857421875,0.023727765306830406,0.6258371472358704,0.9287083859425657,0.29321122023652924,0.31571936323041055
2,airFoil2D_SST_43.327_8.905_4.236_6.511_10.744,0,0.005,512,0.0,512,0.001,0.01,10.0,68642.8125,65370.1328125,37201.1875,0.12109375,0.748046875,0.748046875,0.023498861119151115,0.593762218952179,0.9523230536700401,0.5419531360257128,0.5690853896029783
2,airFoil2D_SST_43.327_8.905_4.236_6.511_10.744,0,0.01,512,0.0,512,0.001,0.01,10.0,170205.546875,165476.015625,123328.421875,0.060546875,0.615234375,0.615234375,0.023125840350985527,0.550446629524231,0.9722128253935614,0.7245852097027904,0.7452948477710847
2,airFoil2D_SST_43.327_8.905_4.236_6.511_10.744,1,0.0,512,0.0,512,0.001,0.01,10.0,2.5173983573913574,364.66925048828125,0.002250704914331436,0.771484375,1.0,1.0,0.02133508399128914,0.6796573996543884,144.85957274802072,0.000894059896290597,6.1719075883634535e-06
2,airFoil2D_SST_43.327_8.905_4.236_6.511_10.744,1,0.001,512,0.0,512,0.001,0.01,10.0,4160.380859375,3900.3623046875,947.5914306640625,0.353515625,0.939453125,0.939453125,0.021319318562746048,0.6412901878356934,0.937501261668971,0.2277655490431268,0.24294959202257602
2,airFoil2D_SST_43.327_8.905_4.236_6.511_10.744,1,0.002,512,0.0,512,0.001,0.01,10.0,14134.04296875,13464.462890625,5354.6611328125,0.248046875,0.900390625,0.900390625,0.02127019874751568,0.6199901700019836,0.9526264297055397,0.3788485109781763,0.39768843186019914
2,airFoil2D_SST_43.327_8.905_4.236_6.511_10.744,1,0.005,512,0.0,512,0.001,0.01,10.0,61366.53515625,58521.40625,36728.3515625,0.130859375,0.802734375,0.802734375,0.02100784331560135,0.5804428458213806,0.9536371265054187,0.598507826276702,0.627605416821302
2,airFoil2D_SST_43.327_8.905_4.236_6.511_10.744,1,0.01,512,0.0,512,0.001,0.01,10.0,135743.0,132005.78125,98420.8515625,0.046875,0.671875,0.671875,0.020608682185411453,0.5507906079292297,0.9724684237861253,0.7250528687482964,0.7455798574162826
2,airFoil2D_SST_43.327_8.905_4.236_6.511_10.744,2,0.0,512,0.0,512,0.001,0.01,10.0,1.1999173164367676,493.09576416015625,0.0008690701797604561,0.8046875,1.0,1.0,0.031348586082458496,0.7115720510482788,410.94145188639845,0.0007242750545022689,1.7624774798880332e-06
2,airFoil2D_SST_43.327_8.905_4.236_6.511_10.744,2,0.001,512,0.0,512,0.001,0.01,10.0,4239.259765625,3944.34765625,511.06536865234375,0.369140625,0.923828125,0.923828125,0.031301431357860565,0.6623666286468506,0.9304331119865874,0.12055533204085139,0.12956904745516973
2,airFoil2D_SST_43.327_8.905_4.236_6.511_10.744,2,0.002,512,0.0,512,0.001,0.01,10.0,15999.048828125,14648.060546875,4438.5869140625,0.27734375,0.86328125,0.86328125,0.031190156936645508,0.6468876600265503,0.9155582125060413,0.2774281747462282,0.3030153309278492
2,airFoil2D_SST_43.327_8.905_4.236_6.511_10.744,2,0.005,512,0.0,512,0.001,0.01,10.0,75896.3125,72626.40625,41607.90625,0.134765625,0.7734375,0.7734375,0.030697204172611237,0.6258365511894226,0.9569161380534792,0.5482203927891753,0.5729032785509747
2,airFoil2D_SST_43.327_8.905_4.236_6.511_10.744,2,0.01,512,0.0,512,0.001,0.01,10.0,197128.828125,191282.65625,152047.484375,0.060546875,0.638671875,0.638671875,0.029507536441087723,0.580635666847229,0.9703433945678765,0.7713102432617629,0.7948837984363781
3,airFoil2D_SST_89.151_4.462_0.974_4.094_1.0_19.856,0,0.0,512,0.0,512,0.001,0.01,10.0,19.218130111694336,710.6367797851562,0.009078080765902996,0.72265625,1.0,1.0,0.02259598858654499,0.6394214034080505,36.97741537053753,0.00047237065797462444,1.2774572079772641e-05
3,airFoil2D_SST_89.151_4.462_0.974_4.094_1.0_19.856,0,0.001,512,0.0,512,0.001,0.01,10.0,1046.7860107421875,1594.392822265625,148.55418395996094,0.31640625,0.947265625,0.947265625,0.022571807727217674,0.5971840620040894,1.5231315721683898,0.1419145674813076,0.09317288806460262
3,airFoil2D_SST_89.151_4.462_0.974_4.094_1.0_19.856,0,0.002,512,0.0,512,0.001,0.01,10.0,3644.954833984375,4090.44921875,896.3218383789062,0.203125,0.91796875,0.91796875,0.0225222110748291,0.5798147916793823,1.122222196174279,0.2459075295040401,0.21912552642636476
3,airFoil2D_SST_89.151_4.462_0.974_4.094_1.0_19.856,0,0.005,512,0.0,512,0.001,0.01,10.0,19869.59375,19868.802734375,8498.5458984375,0.09765625,0.775390625,0.775390625,0.02237127348780632,0.545835018157959,0.9999601896427802,0.4277161378016347,0.4277331660117684
3,airFoil2D_SST_89.151_4.462_0.974_4.094_1.0_19.856,0,0.01,512,0.0,512,0.001,0.01,10.0,62808.6015625,63307.23828125,34796.69140625,0.056640625,0.63671875,0.63671875,0.02198932319879532,0.5420441627502441,1.0079389877555833,0.5540115611653011,0.5496479131132135
3,airFoil2D_SST_89.151_4.462_0.974_4.094_1.0_19.856,1,0.0,512,0.0,512,0.001,0.01,10.0,19.608192443847656,711.8590087890625,0.002978092525154352,0.7109375,1.0,1.0,0.02006310597062111,0.6463392972946167,36.30416270278999,0.000151880013095688,4.183542651543261e-06
3,airFoil2D_SST_89.151_4.462_0.974_4.094_1.0_19.856,1,0.001,512,0.0,512,0.001,0.01,10.0,1662.34033203125,2262.341796875,445.89007568359375,0.283203125,0.9296875,0.9296875,0.020045574754476547,0.601098895072937,1.3609378015334532,0.26823031787886115,0.1970922679762656
3,airFoil2D_SST_89.151_4.462_0.974_4.094_1.0_19.856,1,0.002,512,0.0,512,0.001,0.01,10.0,5630.73828125,6224.06103515625,2244.918212890625,0.1875,0.884765625,0.884765625,0.019999545067548752,0.5842031836509705,1.1053721065107887,0.39868985215776404,0.3606838365193294
3,airFoil2D_SST_89.151_4.462_0.974_4.094_1.0_19.856,1,0.005,512,0.0,512,0.001,0.01,10.0,26778.0234375,27132.087890625,15302.2578125,0.07421875,0.79296875,0.79296875,0.019797686487436295,0.5445380806922913,1.0132222026749431,0.5714483687795525,0.5639911633113727
3,airFoil2D_SST_89.151_4.462_0.974_4.094_1.0_19.856,1,0.01,512,0.0,512,0.001,0.01,10.0,72929.8359375,75504.390625,43188.0546875,0.03515625,0.65625,0.65625,0.019356872886419296,0.5446569323539734,1.0353018028136847,0.5921863683405465,0.5719939506829177
3,airFoil2D_SST_89.151_4.462_0.974_4.094_1.0_19.856,2,0.0,512,0.0,512,0.001,0.01,10.0,14.93948745727539,759.9013671875,0.003921307157725096,0.75390625,1.0,1.0,0.022111857309937477,0.6538514494895935,50.86529034953171,0.00026247936342792375,5.160284383009331e-06
3,airFoil2D_SST_89.151_4.462_0.974_4.094_1.0_19.856,2,0.001,512,0.0,512,0.001,0.01,10.0,1832.58251953125,2297.4990234375,409.5126647949219,0.3046875,0.923828125,0.923828125,0.02209342271089554,0.6118912100791931,1.2536947171280284,0.2234620599238662,0.17824280255066757
3,airFoil2D_SST_89.151_4.462_0.974_4.094_1.0_19.856,2,0.002,512,0.0,512,0.001,0.01,10.0,6475.61328125,6556.8671875,2333.51220703125,0.193359375,0.8828125,0.8828125,0.02204410918056965,0.5885916352272034,1.0125476773737043,0.36035385463611375,0.355888283276479
3,airFoil2D_SST_89.151_4.462_0.974_4.094_1.0_19.856,2,0.005,512,0.0,512,0.001,0.01,10.0,32911.48828125,31362.3515625,16654.79296875,0.07421875,0.75,0.75,0.021760543808341026,0.5576935410499573,0.9529302137444645,0.5060480044665254,0.5310441385608391
3,airFoil2D_SST_89.151_4.462_0.974_4.094_1.0_19.856,2,0.01,512,0.0,512,0.001,0.01,10.0,97514.25,96009.65625,60871.5,0.0390625,0.623046875,0.623046875,0.021383211016654968,0.5356820225715637,0.9845705243079858,0.6242318430383251,0.6340143520720084
4,airFoil2D_SST_87.422_2.992_1.895_3.128_1.0_10.656,0,0.0,512,0.0,512,0.001,0.01,10.0,23.418846130371094,399.04669189453125,0.005941446404904127,0.720703125,1.0,1.0,0.018782544881105423,0.6661519408226013,17.03955394185802,0.000253703635603074,1.4889100763362455e-05
4,airFoil2D_SST_87.422_2.992_1.895_3.128_1.0_10.656,0,0.001,512,0.0,512,0.001,0.01,10.0,2430.97119140625,2581.510009765625,631.1832275390625,0.326171875,0.923828125,0.923828125,0.018772399052977562,0.6263883113861084,1.0619253814654597,0.2596424136042272,0.24450156116046498
4,airFoil2D_SST_87.422_2.992_1.895_3.128_1.0_10.656,0,0.002,512,0.0,512,0.001,0.01,10.0,8430.642578125,8329.09765625,3470.037109375,0.220703125,0.888671875,0.888671875,0.01874329149723053,0.6109877228736877,0.9879552571545995,0.4115981762029279,0.41661621133366694
4,airFoil2D_SST_87.422_2.992_1.895_3.128_1.0_10.656,0,0.005,512,0.0,512,0.001,0.01,10.0,39251.828125,37690.140625,22571.927734375,0.095703125,0.7734375,0.7734375,0.018607046455144882,0.5796566009521484,0.9602136365463869,0.5750541774129151,0.5988814942070808
4,airFoil2D_SST_87.422_2.992_1.895_3.128_1.0_10.656,0,0.01,512,0.0,512,0.001,0.01,10.0,132060.84375,129355.65625,94847.125,0.046875,0.64453125,0.64453125,0.0183301642537117,0.5593457221984863,0.9795155973323849,0.7182077768604291,0.7332275043055955
4,airFoil2D_SST_87.422_2.992_1.895_3.128_1.0_10.656,1,0.0,512,0.0,512,0.001,0.01,10.0,20.873464584350586,592.7091064453125,0.004038065206259489,0.73828125,1.0,1.0,0.01892823912203312,0.6448296308517456,28.39533916615275,0.000193454478529019,6.81289550362606e-06
4,airFoil2D_SST_87.422_2.992_1.895_3.128_1.0_10.656,1,0.001,512,0.0,512,0.001,0.01,10.0,2501.95263671875,2709.01953125,587.416259765625,0.310546875,0.927734375,0.927734375,0.01890324056148529,0.6066159605979919,1.0827621160737932,0.23478312544557484,0.21683721840668255
4,airFoil2D_SST_87.422_2.992_1.895_3.128_1.0_10.656,1,0.002,512,0.0,512,0.001,0.01,10.0,9664.248046875,9543.462890625,3686.244384765625,0.216796875,0.884765625,0.884765625,0.018833493813872337,0.589380145072937,0.9875018567751832,0.3814310608426071,0.3862585758453359
4,airFoil2D_SST_87.422_2.992_1.895_3.128_1.0_10.656,1,0.005,512,0.0,512,0.001,0.01,10.0,53169.3828125,51972.23046875,32440.046875,0.078125,0.779296875,0.779296875,0.018582748249173164,0.5653823018074036,0.977484178291636,0.6101264517099758,0.6241803859948947
4,airFoil2D_SST_87.422_2.992_1.895_3.128_1.0_10.656,1,0.01,512,0.0,512,0.001,0.01,10.0,138534.84375,138041.71875,101206.46875,0.037109375,0.662109375,0.662109375,0.0183421578258276,0.5388404726982117,0.9964404262014408,0.7305488352997835,0.7331585673262272
4,airFoil2D_SST_87.422_2.992_1.895_3.128_1.0_10.656,2,0.0,512,0.0,512,0.001,0.01,10.0,21.39844512939453,386.17230224609375,0.0017506902804598212,0.732421875,1.0,1.0,0.0190750639885664,0.6853269934654236,18.046745915927232,8.181390142477876e-05,4.533443414448117e-06
4,airFoil2D_SST_87.422_2.992_1.895_3.128_1.0_10.656,2,0.001,512,0.0,512,0.001,0.01,10.0,2629.1884765625,2713.526123046875,754.2775268554688,0.314453125,0.931640625,0.931640625,0.019031070172786713,0.6373144388198853,1.0320774441376837,0.28688606145179807,0.27796951002208536
4,airFoil2D_SST_87.422_2.992_1.895_3.128_1.0_10.656,2,0.002,512,0.0,512,0.001,0.01,10.0,10816.42578125,10453.666015625,4936.8046875,0.2265625,0.896484375,0.896484375,0.018961837515234947,0.6206309795379639,0.9664621407328625,0.4564173773611821,0.47225582681912764
4,airFoil2D_SST_87.422_2.992_1.895_3.128_1.0_10.656,2,0.005,512,0.0,512,0.001,0.01,10.0,68322.515625,66678.140625,43955.6171875,0.111328125,0.787109375,0.787109375,0.018654445186257362,0.5872987508773804,0.9759321654807701,0.6433547826130707,0.659220799732671
4,airFoil2D_SST_87.422_2.992_1.895_3.128_1.0_10.656,2,0.01,512,0.0,512,0.001,0.01,10.0,176412.0625,177724.46875,132451.78125,0.05078125,0.625,0.625,0.017896009609103203,0.5705119967460632,1.0074394360079544,0.7508090964584692,0.7452647470637045
